# ðŸ“Œ ê°’ì´ ì—†ìœ¼ë©´ Insert, ê°’ì´ ìžˆìœ¼ë©´ Update - on duplicate key update
ì°¸ê³ ìžë£Œ : https://bamdule.tistory.com/112


## í…Œì´ë¸” ë§Œë“¤ê¸°
```sql
CREATE TABLE user (
	id INT AUTO_INCREMENT primary KEY,
	user_name VARCHAR(50) UNIQUE KEY,
	price INT NOT NULL DEFAULT 0,
	cnt INT NOT NULL DEFAULT 0
);
```

## ë°ì´í„° ì‚½ìž…

```sql
INSERT INTO user (user_name, price, cnt) VALUES ('ash', 1000, 0) 
ON DUPLICATE KEY UPDATE 
  price = price * 2, 
  cnt = cnt + 1;
```

ë°ì´í„°ë¥¼ í™•ì¸í•´ ë³´ë©´

```
mysql> select * from user;
+----+-----------+-------+-----+
| id | user_name | price | cnt |
+----+-----------+-------+-----+
|  1 | ash       |  1000 |   0 |
+----+-----------+-------+-----+
```
í•œë²ˆ ë” ë°ì´í„°ë¥¼ ì‚½ìž… í•  ê²½ìš°
```
mysql> select * from user;
+----+-----------+-------+-----+
| id | user_name | price | cnt |
+----+-----------+-------+-----+
|  1 | ash       |  2000 |   1 |
+----+-----------+-------+-----+
1 row in set (0.00 sec)
```

insert ê°€ ë˜ì§€ì•Šê³  price , cnt ê°€ ë³€ê²½ì´ ë¬ë‹¤.
ë°ì´í„° ì‚½ìž…ì‹œ , ì¤‘ë³µí‚¤ ì œì•½ì¡°ê±´ì— ìœ„ë°°ë˜ë©´ `ON DUPLICATE KEY UPDATE` ì•„ëž˜ì— ì§€ì •í•œ í•„ë“œê°€ ìˆ˜ì •ëœë‹¤. 

# ðŸ“Œ replace

ì¤‘ë³µí‚¤ ì œì•½ì¡°ê±´ì— ìœ„ë°°ë˜ë©´ í•´ë‹¹ ë ˆì½”ë“œë¥¼ ì‚­ì œí•˜ê³  ë‹¤ì‹œ ì‚½ìž…í•œë‹¤.

```sql
REPLACE INTO user (user_name , price , cnt) VALUES ('ash',500,0)
```

```
mysql> select * from user;
+----+-----------+-------+-----+
| id | user_name | price | cnt |
+----+-----------+-------+-----+
|  3 | ash       |   500 |   0 |
+----+-----------+-------+-----+
1 row in set (0.01 sec)
```

ìƒˆë¡­ê²Œ ë‹¤ì‹œ ì‚½ìž…ì´ ëœê²ƒì„ ë³¼ìˆ˜ê°€ ìžˆë‹¤.
í•˜ì§€ë§Œ `id` ê°’ì„ 2ë¼ê³  ì˜ˆìƒí–ˆì§€ë§Œ 3ìœ¼ë¡œ ë˜ì–´ìžˆë‹¤.

ì•žì„œ ìš°ë¦¬ê°€ `duplicate` ë¥¼ ì‚¬ìš©í–ˆëŠ”ë° , `update` í–ˆì„ì‹œ , `auto_increment` ë¶€ë¶„ì€ ë‚´ë¶€ì ìœ¼ë¡œ ìŒ“ì´ëŠ”ê²ƒ ê°™ë‹¤.


# ðŸ“Œ ignore

ì¤‘ë³µí‚¤ ì œì•½ì¡°ê±´ì— ìœ„ë°°ë˜ë©´ `insert` ë¥¼ ë¬´ì‹œí•œë‹¤.
```sql
INSERT IGNORE INTO user (user_name, price, cnt) VALUES ('ash', 1000, 0);
```

```
mysql> INSERT IGNORE INTO user (user_name, price, cnt) VALUES ('ash', 1000, 0);
Query OK, 0 rows affected, 1 warning (0.08 sec)

mysql> select * from user;
+----+-----------+-------+-----+
| id | user_name | price | cnt |
+----+-----------+-------+-----+
|  7 | ash       |   500 |   0 |
+----+-----------+-------+-----+
1 row in set (0.00 sec)
```
